-- copy from production; this is currently CRS seed data
INSERT INTO service_categories (id, created_at, name) VALUES
('428ee70f-3001-4399-95a6-ad25eaaede16', '2021-05-26 22:04:34.070897+00', 'Accommodation'),
('ca374ac3-84eb-4b91-bea7-9005398f426f', '2021-05-26 22:04:34.070897+00', 'Education, Training and Employment'),
('96a63c39-4371-4f17-a6ec-265755f0cf7b', '2021-05-26 22:04:34.070897+00', 'Finance, Benefits and Debt'),
('76bcdb97-1dea-41c1-a4f8-899d88e5d679', '2021-05-26 22:04:34.070897+00', 'Dependency and Recovery'),
('b84f4eb7-4db0-477e-8c59-21027b3262c5', '2021-05-26 22:04:34.070897+00', 'Lifestyle and Associates'),
('9556a399-3529-4993-8030-41db2090555e', '2021-05-26 22:04:34.070897+00', 'Family and Significant Others'),
('8221a81c-08b2-4262-9c1a-0ab3c82cec8c', '2021-05-26 22:04:34.070897+00', 'Emotional Wellbeing'),
('c036826e-f077-49a5-8b33-601dca7ad479', '2021-05-26 22:04:34.070897+00', 'Social Inclusion'),
-- Greater Manchester (GM) has different desired outcomes -- named after the contract, rather than the intent :(
('9232541b-6b1c-455d-8153-ab2784bf4593', '2022-01-06 11:30:57.921677+00', 'Family and Significant Others (GM)');

INSERT INTO desired_outcomes (id, description, service_category_id, created_at) VALUES
('518c70c3-8f42-4ad6-a50d-f9e92d366059', 'Service User develops or maintains positive family relationships and avoids harmful relationships.', '9232541b-6b1c-455d-8153-ab2784bf4593', '2022-01-06 11:30:57.921677+00'),
('9823356e-ff3b-4b29-9d6e-bc3065b067c1', 'Service User demonstrates confident and responsible parenting behaviours (where applicable).', '9232541b-6b1c-455d-8153-ab2784bf4593', '2022-01-06 11:30:57.921677+00'),
('bcb7309f-62a8-49ba-894d-3e627f0993e0', 'Service User improves ability to develop positive intimate relationships including communication, resilience, negotiation and assertiveness skills.', '9232541b-6b1c-455d-8153-ab2784bf4593', '2022-01-06 11:30:57.921677+00'),
('6f97a384-457d-4fc9-aa09-e30dad38d6bc', 'Service User demonstrates positive coping strategies in the event of temporary or irretrievable breakdown of familial or other relationships.', '9232541b-6b1c-455d-8153-ab2784bf4593', '2022-01-06 11:30:57.921677+00'),
('169824c2-ae25-4392-bf59-c74ae4591e30', 'Service User complies with any voluntary or mandatory family or relationship-focussed therapeutic/behavioural change programmes.', '9232541b-6b1c-455d-8153-ab2784bf4593', '2022-01-06 11:30:57.921677+00'),
('d2df75af-0850-4e65-bd86-22b8f34067d3', 'Offer the family or significant other guidance, support, and signposting regarding Finance Benefits Debt, accommodation, children’s services and service user’s release from custody to family home.', '9232541b-6b1c-455d-8153-ab2784bf4593', '2022-01-06 11:30:57.921677+00'),
('301ead30-30a4-4c7c-8296-2768abfb59b5', 'All barriers as identified in the Service user action plan, for example financial, behavioural, physical, mental or offence-type related), to obtaining or sustaining accommodation, are successfully removed.', '428ee70f-3001-4399-95a6-ad25eaaede16', '2021-05-26 22:04:34.070897+00'),
('65924ac6-9724-455b-ad30-906936291421', 'Service user makes progress in obtaining accommodation.', '428ee70f-3001-4399-95a6-ad25eaaede16', '2021-05-26 22:04:34.070897+00'),
('9b30ffad-dfcb-44ce-bdca-0ea49239a21a', 'Service user is helped to secure social or supported housing.', '428ee70f-3001-4399-95a6-ad25eaaede16', '2021-05-26 22:04:34.070897+00'),
('e7f199de-eee1-4f57-a8c9-69281ea6cd4d', 'Service user is helped to secure a tenancy in the private rented sector (PRS).', '428ee70f-3001-4399-95a6-ad25eaaede16', '2021-05-26 22:04:34.070897+00'),
('19d5ef58-5cfc-41fe-894c-acd705dc1325', 'Service user is helped to sustain existing accommodation.', '428ee70f-3001-4399-95a6-ad25eaaede16', '2021-05-26 22:04:34.070897+00'),
('f6f70273-16a2-4dc7-aafc-9bc74215e713', 'Service user is prevented from becoming homeless.', '428ee70f-3001-4399-95a6-ad25eaaede16', '2021-05-26 22:04:34.070897+00'),
('55a9cf76-428d-4409-8a57-aaa523f3b631', 'Service user at risk of losing their tenancy are successfully helped to retain it.', '428ee70f-3001-4399-95a6-ad25eaaede16', '2021-05-26 22:04:34.070897+00'),
('449a93d7-e705-4340-9936-c859644abd52', 'Intervention ends before the Service user has sustained accommodation for three months, but s/he has a strong prospect of sustaining it for at least three months (including for those serving custodial sentences of less than 6 months).', '428ee70f-3001-4399-95a6-ad25eaaede16', '2021-05-26 22:04:34.070897+00'),
('8f438eb1-4f5c-4c23-9436-2ef784fb2426', 'Service users obtain suitable training, education and employment.', 'ca374ac3-84eb-4b91-bea7-9005398f426f', '2021-05-26 22:04:34.070897+00'),
('d45e5b8f-7ae3-4fed-8c6b-73959cfc1190', 'Service users maintain suitable training, education and employment.', 'ca374ac3-84eb-4b91-bea7-9005398f426f', '2021-05-26 22:04:34.070897+00'),
('42077326-ca07-40ea-af20-902249af844e', 'Service users demonstrate improvement in the skills and attitude which enable self-development and increase employability.', 'ca374ac3-84eb-4b91-bea7-9005398f426f', '2021-05-26 22:04:34.070897+00'),
('0541193e-ba84-46e7-973f-82a9900d7521', 'Service user overcomes barriers to obtaining/maintaining suitable training, education and employment.', 'ca374ac3-84eb-4b91-bea7-9005398f426f', '2021-05-26 22:04:34.070897+00'),
('018e8ef3-9645-4712-898e-c913e2bb5bd9', 'Service user''s financial management skills are developed and/or enhanced.', '96a63c39-4371-4f17-a6ec-265755f0cf7b', '2021-05-26 22:04:34.070897+00'),
('8955e0a0-e7ee-469a-be1a-2561d39f65cd', 'Service user can successfully navigate the benefits system, including online banking skills.', '96a63c39-4371-4f17-a6ec-265755f0cf7b', '2021-05-26 22:04:34.070897+00'),
('716229b3-ca55-4779-8e0f-759d5a67fa17', 'Pathways are established to help Service user maintain and sustain an income, safely manage money and reduce debt.', '96a63c39-4371-4f17-a6ec-265755f0cf7b', '2021-05-26 22:04:34.070897+00'),
('9b47bdfa-8c1b-428f-9e7d-aa5441394ec0', 'Service user has access to appropriate financial products, advice and/or services.', '96a63c39-4371-4f17-a6ec-265755f0cf7b', '2021-05-26 22:04:34.070897+00'),
('5524a64c-3ff4-48fe-b32f-9d61131e2289', 'Service user gains quick access to universal credit, including pre-release referrals.', '96a63c39-4371-4f17-a6ec-265755f0cf7b', '2021-05-26 22:04:34.070897+00'),
('8341f53f-2e16-4af2-b928-92c9b24c902a', 'Service user achieves abstinence or controlled/ non-dependent or non-problematic substance misuse.', '76bcdb97-1dea-41c1-a4f8-899d88e5d679', '2021-05-26 22:04:34.070897+00'),
('ccc39f3c-a2d0-484b-81f3-0db847e337a8', 'Service user increases their understanding of addictive behaviours and triggers and option to reduce dependency.', '76bcdb97-1dea-41c1-a4f8-899d88e5d679', '2021-05-26 22:04:34.070897+00'),
('4fe2e6e2-8e24-4a17-ac3a-9ccbc2aca394', 'Service user improves their physical health and mental resilience.', '76bcdb97-1dea-41c1-a4f8-899d88e5d679', '2021-05-26 22:04:34.070897+00'),
('7f38a11e-8375-491d-9b61-fc28c397cb6b', 'Service user enhances their skills to manage risky situations which may pose a trigger or relapse.', '76bcdb97-1dea-41c1-a4f8-899d88e5d679', '2021-05-26 22:04:34.070897+00'),
('535793e3-073e-47ff-a701-63942d0026b8', 'Service user enhances their belief in ability to manage/ desist from addiction(s).', '76bcdb97-1dea-41c1-a4f8-899d88e5d679', '2021-05-26 22:04:34.070897+00'),
('c8f7b418-2d54-4f3c-8beb-c9ce2b4ca34e', 'Service user increases understanding of addictive behaviours and triggers and options to reduce dependency.', '76bcdb97-1dea-41c1-a4f8-899d88e5d679', '2021-05-26 22:04:34.070897+00'),
('b8219e7a-8ca0-4ea4-a577-3cbb0aae34f9', 'Service user improves physical health and mental resilience.', '76bcdb97-1dea-41c1-a4f8-899d88e5d679', '2021-05-26 22:04:34.070897+00'),
('9462c7cb-0305-40e8-a68c-cf92b9dbda94', 'Service user establishes Dependency Pathways to manage a range of addictive behaviours, including supporting access into other treatment providers and detox programmes.', '76bcdb97-1dea-41c1-a4f8-899d88e5d679', '2021-05-26 22:04:34.070897+00'),
('99de9424-c54a-40fd-b32c-da51fb9b126b', 'Service user has continuity of care from prison into the community where there is no other available resource or commissioned service.', '76bcdb97-1dea-41c1-a4f8-899d88e5d679', '2021-05-26 22:04:34.070897+00'),
('5783aa24-48ac-430a-8143-87a0de663152', 'Service user has a minimised risk of overdose following release from prison.', '76bcdb97-1dea-41c1-a4f8-899d88e5d679', '2021-05-26 22:04:34.070897+00'),
('1ffe903f-0aea-4ad0-8fe2-6e58b7ec0324', 'Service user develops or maintains positive family relationships and avoids harmful relationships.', '9556a399-3529-4993-8030-41db2090555e', '2021-05-26 22:04:34.070897+00'),
('868f713a-5c53-4a18-b20f-ff8f118e9c30', 'Service user demonstrates confident and responsible parenting behaviours (where applicable).', '9556a399-3529-4993-8030-41db2090555e', '2021-05-26 22:04:34.070897+00'),
('dd7e2bb6-4374-405a-9524-432aefd63a70', 'Service user improves ability to develop positive intimate relationships including communication, resilience, negotiation and assertiveness skills.', '9556a399-3529-4993-8030-41db2090555e', '2021-05-26 22:04:34.070897+00'),
('fdf33edf-dd73-4649-88d5-330805124dd7', 'Service user demonstrates positive coping strategies in the event of temporary or irretrievable breakdown of familial or other relationships.', '9556a399-3529-4993-8030-41db2090555e', '2021-05-26 22:04:34.070897+00'),
('f2a1026d-dcb7-4d8b-a227-3f6615ca3b80', 'Service user complies with any voluntary or mandatory family or relationship-focussed therapeutic/behavioural change programmes.', '9556a399-3529-4993-8030-41db2090555e', '2021-05-26 22:04:34.070897+00'),
('f45e26a8-65d4-4acf-bee4-fd6d0f5cf1e5', 'Service user has improved pro-social self-identity and ability to access community-based support networks.', 'b84f4eb7-4db0-477e-8c59-21027b3262c5', '2021-05-26 22:04:34.070897+00'),
('f2aa2f28-27b5-4e79-856e-6a3f19550b20', 'Service user sustains engagement in pro-social leisure interests and purposeful activities.', 'b84f4eb7-4db0-477e-8c59-21027b3262c5', '2021-05-26 22:04:34.070897+00'),
('fdabad61-446a-47cc-b100-7a56b41f7812', 'Service user reduces engagement with pro-criminal associates and activities.', 'b84f4eb7-4db0-477e-8c59-21027b3262c5', '2021-05-26 22:04:34.070897+00'),
('c19081d3-75f5-4ff1-bd37-e29a3bb1618d', 'Service user has a decreased reliance on negative peer relationships or networks, such as organised crime groups or extremism groups.', 'b84f4eb7-4db0-477e-8c59-21027b3262c5', '2021-05-26 22:04:34.070897+00'),
('c8aa564d-12ba-4479-9f07-4a6a60fb3bbf', 'Service users are engaged in their community and able to make a positive contribution.', 'b84f4eb7-4db0-477e-8c59-21027b3262c5', '2021-05-26 22:04:34.070897+00'),
('52a658f6-622b-491e-8085-cea58c9b015b', 'Service user''s development of coping skills and strategies to regulate mood and demonstrate perspective-taking and self-care by avoiding risky situations.', '8221a81c-08b2-4262-9c1a-0ab3c82cec8c', '2021-05-26 22:04:34.070897+00'),
('2b6e54d3-1cf7-4fc7-aae2-2f338085feda', 'Service user''s development of levels of self-efficacy, resilience and confidence.', '8221a81c-08b2-4262-9c1a-0ab3c82cec8c', '2021-05-26 22:04:34.070897+00'),
('4fc163c9-f8fb-4cfd-b107-2cb13583ebf0', 'Service user''s development of ability to access and engage with mental health services.', '8221a81c-08b2-4262-9c1a-0ab3c82cec8c', '2021-05-26 22:04:34.070897+00'),
('ce7a55cc-d179-49d8-b7ab-6e8d93024ead', 'Service user''s development of ability to recognise and manage triggers to worsening wellbeing.', '8221a81c-08b2-4262-9c1a-0ab3c82cec8c', '2021-05-26 22:04:34.070897+00'),
('117832ca-f65e-4cce-9cdd-bdf666e740ea', 'Service user''s development of ability to build and maintain appropriate social interactions.', '8221a81c-08b2-4262-9c1a-0ab3c82cec8c', '2021-05-26 22:04:34.070897+00'),
('6277c89b-28ca-49bd-8411-bf3d461a96f2', 'Service user complies with any medication/treatment/therapy programmes.', '8221a81c-08b2-4262-9c1a-0ab3c82cec8c', '2021-05-26 22:04:34.070897+00'),
('b820cdf3-164b-427d-b78e-1fb079851ebd', 'Service user develops and sustains social networks to reduce initial social isolation.', 'c036826e-f077-49a5-8b33-601dca7ad479', '2021-05-26 22:04:34.070897+00'),
('ae6c90d3-a59e-46e7-b81f-6003179611ef', 'Service user secures early post-release engagement with community based services.', 'c036826e-f077-49a5-8b33-601dca7ad479', '2021-05-26 22:04:34.070897+00'),
('ad79e9c1-3c08-4d84-9241-ffb6f06054c7', 'Service user develops resilience and perseverance to cope with challenges and barriers on return to the community.', 'c036826e-f077-49a5-8b33-601dca7ad479', '2021-05-26 22:04:34.070897+00');

INSERT INTO complexity_levels (id, complexity, description, service_category_id, created_at) VALUES
('d0db50b0-4a50-4fc7-a006-9c97530e38b2', 'LOW', 'Service user has some capacity and means to secure and/or maintain suitable accommodation but requires some support and guidance to do so.', '428ee70f-3001-4399-95a6-ad25eaaede16', '2021-05-26 22:04:34.070897+00'),
('110f2405-d944-4c15-836c-0c6684e2aa78', 'MEDIUM', 'Service user is at risk of homelessness/is homeless, or will be on release from prison. Service user has had some success in maintaining atenancy but may have additional needs e.g. Learning Difficulties and/or Learning Disabilities or other challenges currently.', '428ee70f-3001-4399-95a6-ad25eaaede16', '2021-05-26 22:04:34.070897+00'),
('c86be5ec-31fa-4dfa-8c0c-8fe13451b9f6', 'HIGH', 'Service user is homeless or in temporary/unstable accommodation, or will be on release from prison. Service user has poor accommodation history, complex needs and limited skills to secure or sustain a tenancy.', '428ee70f-3001-4399-95a6-ad25eaaede16', '2021-05-26 22:04:34.070897+00'),
('0d6a7e24-2c61-4ca7-ac09-ec6f754dc6e5', 'LOW', 'Service user has satisfactory basic numeracy & literacy skills. The Service user has previously been employed though there may be gaps with periods of inactivity due to redundancy/periods of imprisonment. There has been no critical development need to find a new job in their previous field of competence. The Service user values benefits of working but needs guidance to re-enter the workforce, change jobs or career path.', 'ca374ac3-84eb-4b91-bea7-9005398f426f', '2021-05-26 22:04:34.070897+00'),
('ab17dc4a-3f93-4ae5-a70d-2905b86b256c', 'MEDIUM', 'Service user has gaps in basic numeracy and literacy skills. The Service user has no or limited working experience. The Service user has partially completed vocational training but requires support with building confidence and motivation to develop training and/or employability skills, and also require support and coaching to develop or enhance skills to obtain and sustain employment.', 'ca374ac3-84eb-4b91-bea7-9005398f426f', '2021-05-26 22:04:34.070897+00'),
('439c6dab-0dd6-4eb9-8a4a-c69d3490e940', 'HIGH', 'Service user lacks basic literacy & numeracy skills and/or may have Learning Difficulties and/or Learning Disabilities. The Service user has no or limited working experience and/or have no qualifications or current qualifications and/or may have many barriers and restrictions to employment due to the nature of their offences (e.g. sex offender or violence). The Service user requires significant support and coaching to build motivation, confidence and basic skills to enter employment / training.', 'ca374ac3-84eb-4b91-bea7-9005398f426f', '2021-05-26 22:04:34.070897+00'),
('178ec337-0ec9-422c-b9da-ea969fdcf98a', 'LOW', 'Service user is not overly reliant on friends /family or others to supplement daily living expenses or regular outgoings. Service user''s circumstances may be currently leading to significant financial pressure but they are able to support themselves through legitimate means.', '96a63c39-4371-4f17-a6ec-265755f0cf7b', '2021-05-26 22:04:34.070897+00'),
('d771ae5e-01d4-43b0-a941-99b2c0c52d29', 'MEDIUM', 'Service user may commit crimes ''on the side'' to supplement legal income or may rely on others for what they consider to be necessities. Service user may be unable to pay debts because of other ''demands''.', '96a63c39-4371-4f17-a6ec-265755f0cf7b', '2021-05-26 22:04:34.070897+00'),
('65a682a7-9621-4dab-8040-08f3109321f8', 'HIGH', 'Service user income comes from the proceeds of crime, e.g. dealing drugs, robbery or stolen goods.  Service user relies on others for necessities and luxuries and servicing debts to illegitimate external sources. Service user may be unable to meet household and essential bills.', '96a63c39-4371-4f17-a6ec-265755f0cf7b', '2021-05-26 22:04:34.070897+00'),
('5392858e-3432-40cb-b277-4552e8ac4638', 'LOW', 'Service user who is highly motivated and have had sustained period of abstinence. Service user has successfully engaged in a period of treatment but requires support to sustain recovery.', '76bcdb97-1dea-41c1-a4f8-899d88e5d679', '2021-05-26 22:04:34.070897+00'),
('f6a063e4-7daa-4cf6-9042-22476f8b5ed9', 'MEDIUM', 'Service user who has had lapses/crises that may lead to relapse and/or is at a transition point, e.g. from prison into community. Service user has a moderate level of motivation but requires a high level of support.', '76bcdb97-1dea-41c1-a4f8-899d88e5d679', '2021-05-26 22:04:34.070897+00'),
('cf1fb9d3-5092-42dd-b8da-d9cedf96addc', 'HIGH', 'Service user who is sentenced to Community Sentence where there is a Dual Diagnosis and substance misuse treatment. Service user does not meet the threshold for secondary provision and/or are deemed unsuitable following assessment for treatment as part of a Community Sentence Treatment Requirement.  However, Service user has identifiable substance misuse, alcohol misuse, prescription, gambling or other dependencies linked to re-offending. Service user has a history of poor engagement with treatment services and requires a high level of motivation and support to engage with treatment.', '76bcdb97-1dea-41c1-a4f8-899d88e5d679', '2021-05-26 22:04:34.070897+00'),
('a8860894-2610-4070-aa66-72089417ceb2', 'LOW', 'Service user lacks confidence to engage in community activities and/or spend a significant amount of time alone.  Service user recognises the value of strong pro-social support groups but is struggling to develop these fully. Service user has got one or more close friends not involved in criminal activity and/or spends limited time each week with non-offending peers or some affiliation to non-offending groups and activities, but does not have a central role. Service user may recognise that some lifestyle choices and associations have affected their behaviour and may trigger re-offending, such as illegal drug use, alcohol, gambling, peer choice, limited medium and long-term goals.', 'b84f4eb7-4db0-477e-8c59-21027b3262c5', '2021-05-26 22:04:34.070897+00'),
('707a0244-6bfe-4f0a-80d9-5e79498e81a8', 'MEDIUM', 'Service user recognises the value of strong pro-social support groups but does not belong to any and shows limited interest in doing so. Service user spends the majority of their time alone or using social networking sites or web based sites but with limited face-to-face social interaction. Service user is aware of the value of positive attachments but does not have any at present and/or spends a significant amount of time with pro-criminal social groups. Service user engages in anti-social behaviours including (non-addiction) drug use, regular alcohol use, problematic gambling, poor behaviour that impact negatively on the wider community and/or displays impulsiveness in risk taking activities, e.g. putting themselves or others at risk of harm.', 'b84f4eb7-4db0-477e-8c59-21027b3262c5', '2021-05-26 22:04:34.070897+00'),
('005566a2-ca85-471c-9ac0-38f3aa749092', 'HIGH', 'Service user has limited or no attachments/associations that are unrelated to offending behaviour. Service user does not belong to community groups or pro-social organised activities and does not place value on being part of them. Service user has no strong relationships outside of immediate family with people who don''t offend and/or spends the majority of their time alone using social networking sites or web based sites but with no face-to-face social interaction. Service user has strong links to county lines, gang affiliations, exposure to extremism, at risk of radicalisation, certain online offences.', 'b84f4eb7-4db0-477e-8c59-21027b3262c5', '2021-05-26 22:04:34.070897+00'),
('ddc8ee4a-403e-47cc-9af1-815938429bbc', 'LOW', 'Service user has positive contact with some family or some significant others and may have positive support of family members. Service user has previously lost contact with family and recently renewed contacts but there remain some difficulties.', '9556a399-3529-4993-8030-41db2090555e', '2021-05-26 22:04:34.070897+00'),
('8e409327-e3ab-4c91-9300-2f61a409789f', 'MEDIUM', 'Service user describes more difficulties in relationships with family and significant others or is in the process of resolving difficulties. Service user has a mix of good and difficult relationships with family and significant others.', '9556a399-3529-4993-8030-41db2090555e', '2021-05-26 22:04:34.070897+00'),
('52ca5958-56c6-4ae3-99ca-86180265f717', 'HIGH', 'Service user has little or no contact with family and does not care about what family thinks feel or expects. Service user describes hostile, indifferent uncaring relationships with family and significant others. Service user''s relationship has recently ended or is likely to do so.', '9556a399-3529-4993-8030-41db2090555e', '2021-05-26 22:04:34.070897+00'),
('cb6f1c1c-29d4-4d34-902e-3c89ee8428a0', 'LOW', 'Service user has worries or issues and feels unable to cope but is not socially isolated and interacts with others. Service user has no known psychological issues or history of depression and mental health.', '8221a81c-08b2-4262-9c1a-0ab3c82cec8c', '2021-05-26 22:04:34.070897+00'),
('46c1ae33-f90b-4dfc-83f7-6eec49209084', 'MEDIUM', 'Service user has diagnosed documented psychological problems that are being managed well but requires support to maintain engagement. Service user has coping strategies but needs assistance. Service user shows signs of stress in meetings and requires support to effectively engage.', '8221a81c-08b2-4262-9c1a-0ab3c82cec8c', '2021-05-26 22:04:34.070897+00'),
('64a1b7ba-305e-4bcc-b427-01b575ace941', 'HIGH', 'Service user has suffered psychological and mental health problems over a period of time which is documented, and needs significant level of support to engage with service provision. Service user is socially isolated and struggles with numerous aspects of daily life.', '8221a81c-08b2-4262-9c1a-0ab3c82cec8c', '2021-05-26 22:04:34.070897+00'),
('85aa5a57-62d3-4b9d-9642-248e7be4bebc', 'LOW', '[up to 4 Sessions (pre-release virtual contact)] Service user has a low risk of reoffending. Service user has limited family support or engagement with community services and there may be barriers to achieving community integration.', 'c036826e-f077-49a5-8b33-601dca7ad479', '2021-05-26 22:04:34.070897+00'),
('64eb3c83-c562-4a63-9182-68a3a7725463', 'MEDIUM', '[up to 8 sessions (Including up to 2 pre-release face-to-face contacts)] Service user has medium risk of reoffending.  Service user has limited family support or engagement with community services and there may be barriers to achieving community integration. Service user has additional vulnerabilities requiring support through release and may have a pattern of non-compliance, e.g. recalls or failure to attend appointments.', 'c036826e-f077-49a5-8b33-601dca7ad479', '2021-05-26 22:04:34.070897+00'),
('f1eebd5e-4a0f-457e-b1a8-62e8c7de1afd', 'HIGH', '[up to 12 sessions (including up to 3 pre-release face-to-face contacts)] Service user has high risk of reoffending. Service user has limited family support, a lack of social networks or minimal engagement with community services and there may be barriers to achieving community integration. Service user has additional vulnerabilities requiring support throughout release with a pattern of non-compliance and a high likelihood of non-compliance in early weeks of release, e.g. recalls or failure to attend appointments.', 'c036826e-f077-49a5-8b33-601dca7ad479', '2021-05-26 22:04:34.070897+00'),
('b948a17e-6334-4a68-915c-a2f8b0066a7a', 'LOW', 'Service User has positive contact with some family or some significant others and may have positive support of family members. Service User has previously lost contact with family and recently renewed contacts but there remain some difficulties.', '9232541b-6b1c-455d-8153-ab2784bf4593', '2022-01-06 11:30:57.921677+00'),
('f7d11ff0-e198-4241-9221-816ace3fbfab', 'MEDIUM', 'Service User describes more difficulties in relationships with family and significant others or is in the process of resolving difficulties. Service User has a mix of good and difficult relationships with family and significant others.', '9232541b-6b1c-455d-8153-ab2784bf4593', '2022-01-06 11:30:57.921677+00'),
('2e8db418-35c7-401f-bfd5-ad6cc44b3b63', 'HIGH', 'Service User has little or no contact with family and does not care about what family thinks feel or expects. Service User describes hostile, indifferent uncaring relationships with family and significant others. Service User''s relationship has recently ended or is likely to do so.', '9232541b-6b1c-455d-8153-ab2784bf4593', '2022-01-06 11:30:57.921677+00');
